Reporter,Partner,Commodity Description,Category,Year,Commodity Code,Trade Value (US$) E,Net Weight (kg) Export,Qty (kg) Export,Trade Value (US$) I,Net Weight (kg) Import,Qty (kg) Import,Trade Balance (US$)
kenya ,Uganda,Tea,Agriculture,2015,902,"392,821","118,435","118,435","6,833,035","5,891,471","5,891,471","6,440,214"
kenya ,Uganda,Tea,Agriculture,2016,902,"82,219","16,576.30","16,576","4,804,489","3,932,751","3,932,751","4,722,270"
kenya ,Uganda,Tea,Agriculture,2017,902,"109,648","23,676","23,676","7,581,249","5,057,849","5,057,871","7,471,601"
kenya ,Uganda,Tea,Agriculture,2018,902,"220,240","51,189.20","51,189","10,498,399","7,020,465","7,020,465","10,278,159"
Kenay ,Uganda,Tea,Agriculture,2019,902,"230,389","39,115.60","39,116","5,713,205","6,005,000","6,005,000","5,482,816"
Kenya ,Uganda,Tea,Agriculture,2020,902,"245,474","35,293","35,293","5,901,866","5,967,011","5,967,011","5,656,392"
Kenya ,Uganda,Tea,Agriculture,2021,902,"313,594","56,577.50","56,577","5,543,058","5,004,256","5,004,256","5,229,464"
kenya ,Uganda,Tea,Agriculture,2022,902,"307,761","53,840.40","53,840","2,163,494","2,125,376","2,125,376","1,855,733"
kenya ,Uganda,Tea,Agriculture,2023,902,"423,690","81,799.60","81,800","2,527,870","2,672,823","2,671,643","2,104,180"
kenya ,Uganda,Tea,Agriculture,2024,902,"508,590","133,743.80","133,744","512,225","483,456.50","483,457","3,635"
Kenay ,Uganda,Coffee,Agriculture,2015,901,"29,546","6,035","6,035","234,284","57,600","57,600","228,249"
Kenya ,Uganda,Coffee,Agriculture,2016,901,"29,546","6,035.40","6,035",,,,
Kenya ,Uganda,Coffee,Agriculture,2017,901,"8,779","3,414.60","3,415","1,172,076","379,920","379,920","1,168,661.40"
kenya ,Uganda,Coffee,Agriculture,2018,901,"10,463","1,773.70","1,774","1,459,842","466,000","466,000","1,449,379"
kenya ,Uganda,Coffee,Agriculture,2019,901,"4,739",716.9,717,717,"1,409,572","520,920","1,239,915"
kenya ,Uganda,Coffee,Agriculture,2020,901,"169,657","101,524","101,524","2,038,768","737,153","737,153","1,869,111"
Kenya ,Uganda,Coffee,Agriculture,2021,901,"129,252","43,565.20","43,565","3,601,994","1,034,842","1,034,842","3,472,742"
Kenya ,Uganda,Coffee,Agriculture,2022,901,"7,799",874.2,874,"3,061,141","656,361.60","656,362","3,053,342"
kenya ,Uganda,Coffee,Agriculture,2023,901,"8,613","3,446","3,446","3,040,943","792,994","792,994","3,032,330"
kenya ,Uganda,Coffee,Agriculture,2024,901,"13,813","1,164.60","1,165","3,904,225","803,068.50","803,069","3,890,412"
kenya ,Uganda,Petroleum products,Energy,2015,2710,"55,612,200","40,709,595.50","40,709,596",,,,
kenya ,Uganda,Petroleum products,Energy,2016,2710,"52,682,176","75,364,390","75,364,390","1,379","1,000","1,000","-52,680,797"
kenya ,Uganda,Petroleum products,Energy,2017,2710,"46,923,238","51,155,144.50","51,155,145",,,,
kenya ,Uganda,Petroleum products,Energy,2018,2710,"43,183,060","34,574,199.60","34,574,200","100,245","49,434","49,434","-43,082,815"
kenya ,Uganda,Petroleum products,Energy,2019,2710,"36,054,790","21,875,072","21,875,072","256,196","113,104","113,104","-35,798,594"
kenya ,Uganda,Petroleum products,Energy,2020,2710,"34,429,136","17,880,431","17,880,431","599,740","307,238","307,238","-33,829,396"
kenya ,Uganda,Petroleum products,Energy,2021,2710,,,,,,,
kenya ,Uganda,Petroleum products,Energy,2022,2710,,,,,,,
kenya ,Uganda,Petroleum products,Energy,2023,2710,,,,,,,
kenya ,Uganda,Petroleum products,Energy,2024,2710,,,,,,,
kenya ,Uganda,Petroleum products,Energy,2025,2710,,,,,,,
kenya ,Uganda,Cement,Manufacturing,2015,2523,,,,,,,
kenya ,Uganda,Cement,Manufacturing,2016,2523,,,,,,,
kenya ,Uganda,Cement,Manufacturing,2017,2523,,,,,,,
kenya ,Uganda,Cement,Manufacturing,2018,2523,,,,,,,
kenya ,Uganda,Cement,Manufacturing,2019,2523,,,,,,,
kenya ,Uganda,Cement,Manufacturing,2020,2523,,,,,,,
kenya ,Uganda,Cement,Manufacturing,2021,2523,,,,,,,
kenya ,Uganda,Cement,Manufacturing,2022,2523,,,,,,,
kenya ,Uganda,Cement,Manufacturing,2023,2523,,,,,,,
kenya ,Uganda,Cement,Manufacturing,2024,2523,,,,,,,
kenya ,Tanzania,Pharmaceuticals,Manufacturing,2015,3004,,,,,,,
kenya ,Tanzania,Pharmaceuticals,Manufacturing,2016,3004,,,,,,,
kenya ,Tanzania,Pharmaceuticals,Manufacturing,2017,3004,,,,,,,
kenya ,Tanzania,Pharmaceuticals,Manufacturing,2018,3004,,,,,,,
kenya ,Tanzania,Pharmaceuticals,Manufacturing,2019,3004,,,,,,,
kenya ,Tanzania,Pharmaceuticals,Manufacturing,2020,3004,,,,,,,
kenya ,Tanzania,Pharmaceuticals,Manufacturing,2021,3004,,,,,,,
kenya ,Tanzania,Pharmaceuticals,Manufacturing,2022,3004,,,,,,,
kenya ,Tanzania,Pharmaceuticals,Manufacturing,2023,3004,,,,,,,
kenya ,Tanzania,Pharmaceuticals,Manufacturing,2024,3004,,,,,,,
kenya ,Somali,Pharmaceuticals,Manufacturing,2015,3004,,,,,,,
kenya ,Somali,Pharmaceuticals,Manufacturing,2016,3004,,,,,,,
kenya ,Somali,Pharmaceuticals,Manufacturing,2017,3004,,,,,,,
kenya ,Somali,Pharmaceuticals,Manufacturing,2018,3004,,,,,,,
kenya ,Somali,Pharmaceuticals,Manufacturing,2019,3004,,,,,,,
kenya ,Somali,Pharmaceuticals,Manufacturing,2020,3004,,,,,,,
kenya ,Somali,Pharmaceuticals,Manufacturing,2021,3004,,,,,,,
kenya ,Somali,Pharmaceuticals,Manufacturing,2022,3004,,,,,,,
kenya ,Somali,Pharmaceuticals,Manufacturing,2023,3004,,,,,,,
kenya ,Somali,Pharmaceuticals,Manufacturing,2024,3004,,,,,,,
Kenay ,Tanzania,Coffee,Agriculture,2015,901,,,,,,,
Kenya ,Tanzania,Coffee,Agriculture,2016,901,,,,,,,
Kenya ,Tanzania,Coffee,Agriculture,2017,901,,,,,,,
kenya ,Tanzania,Coffee,Agriculture,2018,901,,,,,,,
kenya ,Tanzania,Coffee,Agriculture,2019,901,,,,,,,
kenya ,Tanzania,Coffee,Agriculture,2020,901,,,,,,,
Kenya ,Tanzania,Coffee,Agriculture,2021,901,,,,,,,
Kenya ,Tanzania,Coffee,Agriculture,2022,901,,,,,,,
kenya ,Tanzania,Coffee,Agriculture,2023,901,,,,,,,
kenya ,Tanzania,Coffee,Agriculture,2024,901,,,,,,,
DRC,Tanzania,Gold,Mining,2015,7108,,,,,,,
DRC,Tanzania,Gold,Mining,2016,7108,,,,,,,
DRC,Tanzania,Gold,Mining,2017,7108,,,,,,,
DRC,Tanzania,Gold,Mining,2018,7108,,,,,,,
DRC,Tanzania,Gold,Mining,2019,7108,,,,,,,
DRC,Tanzania,Gold,Mining,2020,7108,,,,,,,
DRC,Tanzania,Gold,Mining,2021,7108,,,,,,,
DRC,Tanzania,Gold,Mining,2022,7108,,,,,,,
DRC,Tanzania,Gold,Mining,2023,7108,,,,,,,
DRC,Tanzania,Gold,Mining,2024,7108,,,,,,,
Uganda,DRC,Maize,Agriculture,2015,1005,,,,,,,
Uganda,DRC,Maize,Agriculture,2016,1005,,,,,,,
Uganda,DRC,Maize,Agriculture,2017,1005,,,,,,,
Uganda,DRC,Maize,Agriculture,2018,1005,,,,,,,
Uganda,DRC,Maize,Agriculture,2019,1005,,,,,,,
Uganda,DRC,Maize,Agriculture,2020,1005,,,,,,,
Uganda,DRC,Maize,Agriculture,2021,1005,,,,,,,
Uganda,DRC,Maize,Agriculture,2022,1005,,,,,,,
Uganda,DRC,Maize,Agriculture,2023,1005,,,,,,,
Uganda,DRC,Maize,Agriculture,2024,1005,,,,,,,
